{
  "overall": 0.6444444444444445,
  "n": 180,
  "axes": {
    "category": {
      "info": {
        "pass": 37,
        "n": 45,
        "rate": 0.8222222222222222
      },
      "transactional": {
        "pass": 22,
        "n": 45,
        "rate": 0.4888888888888889
      },
      "escalation_sales": {
        "pass": 11,
        "n": 18,
        "rate": 0.6111111111111112
      },
      "escalation_negative": {
        "pass": 12,
        "n": 18,
        "rate": 0.6666666666666666
      },
      "edge_no_data": {
        "pass": 8,
        "n": 18,
        "rate": 0.4444444444444444
      },
      "edge_conflict": {
        "pass": 7,
        "n": 9,
        "rate": 0.7777777777777778
      },
      "edge_manipulation": {
        "pass": 12,
        "n": 18,
        "rate": 0.6666666666666666
      },
      "offtopic": {
        "pass": 7,
        "n": 9,
        "rate": 0.7777777777777778
      }
    },
    "difficulty": {
      "easy": {
        "pass": 37,
        "n": 51,
        "rate": 0.7254901960784313
      },
      "medium": {
        "pass": 46,
        "n": 72,
        "rate": 0.6388888888888888
      },
      "hard": {
        "pass": 33,
        "n": 57,
        "rate": 0.5789473684210527
      }
    },
    "multiturn": {
      "одноходовые": {
        "pass": 98,
        "n": 146,
        "rate": 0.6712328767123288
      },
      "многоходовые": {
        "pass": 18,
        "n": 34,
        "rate": 0.5294117647058824
      }
    },
    "document": {
      "Продукты": {
        "pass": 38,
        "n": 54,
        "rate": 0.7037037037037037
      },
      "Заявка": {
        "pass": 27,
        "n": 38,
        "rate": 0.7105263157894737
      },
      "Досроч.погаш.": {
        "pass": 10,
        "n": 15,
        "rate": 0.6666666666666666
      },
      "Реструктур.": {
        "pass": 10,
        "n": 16,
        "rate": 0.625
      },
      "Коммуникация": {
        "pass": 48,
        "n": 84,
        "rate": 0.5714285714285714
      }
    }
  },
  "escalation": {
    "category": {
      "info": {
        "ok": 45,
        "n": 45,
        "rate": 1.0
      },
      "escalation_sales": {
        "ok": 8,
        "n": 18,
        "rate": 0.4444444444444444
      },
      "escalation_negative": {
        "ok": 13,
        "n": 18,
        "rate": 0.7222222222222222
      },
      "edge_no_data": {
        "ok": 17,
        "n": 18,
        "rate": 0.9444444444444444
      },
      "edge_conflict": {
        "ok": 9,
        "n": 9,
        "rate": 1.0
      },
      "offtopic": {
        "ok": 9,
        "n": 9,
        "rate": 1.0
      }
    },
    "difficulty": {
      "easy": {
        "ok": 43,
        "n": 47,
        "rate": 0.9148936170212766
      },
      "medium": {
        "ok": 42,
        "n": 52,
        "rate": 0.8076923076923077
      },
      "hard": {
        "ok": 16,
        "n": 18,
        "rate": 0.8888888888888888
      }
    },
    "multiturn": {
      "одноходовые": {
        "ok": 86,
        "n": 95,
        "rate": 0.9052631578947369
      },
      "многоходовые": {
        "ok": 15,
        "n": 22,
        "rate": 0.6818181818181818
      }
    }
  }
}